{
  "id": "foundry-discord-chat",
  "title": "Foundry Discord Chat",
  "description": "Sends chat messages from Foundry VTT to Discord.",
  "version": "0.2.0",
  "authors": [
    {
      "name": "DarkArbiter",
      "email": "",
      "url": "https://www.your-website.com",
      "flags": {}
    }
  ],
  "compatibility": {
    "minimum": 9,
    "verified": 10
  },
  "url": "https://github.com/mcarmody/Foundry-Discord",
  "bugs": "https://github.com/mcarmody/Foundry-Discord/issues",
  "manifest": "https://github.com/mcarmody/Foundry-Discord/releases/latest/download/module.json",
  "download": "https://github.com/mcarmody/Foundry-Discord/releases/latest/download/bot_module.zip",
  "readme": "https://github.com/mcarmody/Foundry-Discord/blob/main/README.md",
  "changelog": "https://github.com/mcarmody/Foundry-Discord/blob/main/CHANGELOG.md",
  "socket": true,
  "scripts": [
    "scripts/main.js"
  ]
}